URL,Title,Selection,Folder,Timestamp,Tags
https://www.lesswrong.com/posts/KRLGxCaqdgrotyB8z/there-are-only-four-skills-design-technical-management-and,"There are only four skills: design, technical, management and physical — LessWrong",,Unread,1777082756,[]
https://x.com/DylanCalluy/status/2014020848089223440,,,Unread,1777079177,[]
https://anenfantterrible.substack.com/p/taste-test-encrusting-the-tortoise,Taste Test: Encrusting the Tortoise,,Unread,1776577908,[]
https://www.themarginalian.org/2026/04/09/brian-eno-burnout/,Brian Eno’s Remedy for Burnout and Despair,,Unread,1776576535,[]
https://www.forbesindia.com/article/boardroom/can-flipkart-deliver/33240/1,Can Flipkart Deliver?,,Unread,1773860341,[]
https://dominiccummings.substack.com/about,About - Dominic Cummings substack,,Unread,1772158143,[]
https://www.ben-evans.com/benedictevans/2026/2/19/how-will-openai-compete-nkg2x,How will OpenAI compete? — Benedict Evans,,Unread,1771817776,[]
https://medium.com/@vishalmisra/something-big-is-happening-heres-what-it-actually-is-9523482c4e00,Something Big Is Happening. Here’s What It Actually Is.,,Unread,1771642897,[]
https://www.benkuhn.net/pjm/,How I've run major projects,,Unread,1771643287,[]
https://www.bbc.com/future/article/20251223-25-years-of-the-international-space-station-in-numbers,All you need to know about the International Space Station's 25 years in orbit,,Unread,1766600451,[]
https://usefulfictions.substack.com/p/how-to-be-more-agentic,How to be more agentic,,Unread,1766531704,[]
https://www.youtube.com/watch?list=RDg3fOVDTg9pU&start_radio=1&v=g3fOVDTg9pU,Recomposed by Max Richter: Vivaldi's Four Seasons - Tito Muñoz/Daniel Hope/Ensemble LPR,,Unread,1763938644,[]
https://meet.google.com,Join this video meeting,,Unread,1762659137,[]
https://vinaysridhar.com/ai-capital-markets-reflections.html,Observations on AI and the Capital Markets in 2025,,Unread,1760602394,[]
https://joincolossus.com/article/joe-liemandt-class-dismissed/,The Software Tycoon Scaling AI Education to a Billion Kids,,Unread,1759982688,[]
https://meresophistry.substack.com/p/the-mental-tyranny-of-ai-writing,The mental tyranny of AI writing,,Unread,1759869911,[]
https://klim.co.nz/blog/signifier-design-information/,Klim Type Foundry · Signifier design information,,Unread,1757924935,[]
https://every.to/p/asset-light-software-businesses-the-new-paradigm-for-startups,Asset-light Software Businesses: The New Paradigm for Startups,,Unread,1757620697,[]
https://skincontact.substack.com/p/21-observations-from-people-watching?r=20efuv&utm_campaign=post&utm_medium=web&triedRedirect=true,21 observations from people watching,,Unread,1757016039,[]
https://www.sjc.edu/academic-programs/undergraduate/great-books-reading-list,Great Books Reading List and Curriculum | St. John's College,,Unread,1757013512,[]
https://www.gentlydownthe.stream/,Gently Down the Stream,,Unread,1752450538,[]
https://www.sscardapane.it/assets/alice/Alice_book_volume_1.pdf,,,Unread,1751726909,[]
https://medium.com/@HadickM/stablecoins-and-the-collapse-of-the-legacy-payment-model-53ca9542a9a0,Stablecoins and the Collapse of the Legacy Payment Model,,Unread,1751203458,[]
https://jfredrickson.com/day-1396-and-writes-not/,Day 1396 and Writes Not – Julie Fredrickson,,Unread,1748757718,[]
https://www.founderstribune.org/p/becoming-steve-jobs-foreword-by-marc-andreessen-b165,Becoming Steve Jobs Foreword by Marc Andreessen,,Unread,1738739858,[]
https://archive.org/details/take-ivy-t.-hayashida,Take Ivy,,Unread,1741043530,[]
https://www.historydefined.net/drugs-in-greece-and-rome/,https://www.historydefined.net/drugs-in-greece-and-rome/,,Unread,1674314213,[]
https://nautil.us/love-is-biological-bribery-238429/,https://nautil.us/love-is-biological-bribery-14058/,,Unread,1645984699,[]
http://asiatimes.com/2024/11/to-donald-trump-from-han-feizi/,"To Donald Trump, From Han Feizi",,Unread,1739124470,[]
https://themarket.ch/interview/russell-napier-we-are-headed-towards-a-system-of-national-capitalism-ld.12718,Russell Napier: We Are Headed Towards a System of National Capitalism,,Unread,1741899651,[]
https://www.fastcompany.com/91044923/watching-susan-kare-explain-the-mac-ux-in-1984-is-the-most-relaxing-thing-ever,Watching Susan Kare explain the Mac is the most relaxing thing ever,,Unread,1730393971,[]
https://www.ft.com/content/5308cd9f-037e-4524-a6d8-7388b3514199,No other investor has a life story quite as unbelievable as Li Lu,,Unread,1694226500,[]
https://www.goodreads.com/notes/20873740-sapiens/3427339-jeffrey-keeten,https://www.goodreads.com/notes/20873740-sapiens/3427339-jeffrey-keeten?ref=notif_fsrn,,Unread,1576517472,[]
https://www.theverge.com/c/24247055/2004-tech-internet-gadgets-phones-pop-culture,2004 was the first year of the future,,Unread,1729786225,[]
https://www.nobelprize.org/uploads/2018/06/pamuk-lecture_en.pdf,https://www.nobelprize.org/uploads/2018/06/pamuk-lecture_en.pdf,,Unread,1707188067,[]
https://www.goodreads.com/blog/show/2916-from-1925-to-2024-100-years-of-popular-books-on-goodreads,From 1925 to 2024: 100 Years of Popular Books (on Goodreads) - Goodreads News & Interviews,,Unread,1744667783,[]
https://medium.com/saasboomi/esops-101-know-your-stocks-8824c69d2e94,https://medium.com/saasboomi/esops-101-know-your-stocks-8824c69d2e94,,Unread,1624731662,"[""tech""]"
https://www.bbc.com/future/article/20240906-from-space-selfies-to-nearly-drowning-the-11-spacewalks-that-made-history,Walking above the air: The awe-inspiring history of spacewalks,,Unread,1726964246,[]
https://getpocket.com/collections/things-everyone-should-know-about-product-psychology,https://getpocket.com/collections/things-everyone-should-know-about-product-psychology,,Unread,1648399901,[]
https://a16z.com/latin-americas-fintech-boom/,https://a16z.com/2021/04/13/latin-america-fintech/,,Unread,1621019971,[]
https://every.to/thesis/how-to-build-a-truly-useful-ai-product,How to Build a Truly Useful AI Product,,Unread,1737507698,[]
https://compcalc.github.io/public/church/church_calculi_1941.pdf,church_calculi_1941.pdf,,Unread,1729791791,[]
https://www.honest-broker.com/p/what-can-we-learn-from-barnes-and,What Can We Learn from Barnes & Noble's Surprising Turnaround?,,Unread,1689936462,[]
https://quona-capital.medium.com/how-apis-are-transforming-banking-3492b4e68398,https://medium.com/@Quona_Capital15/how-apis-are-transforming-banking-3492b4e68398,,Unread,1595943823,[]
https://www.openvc.app/opendeck,https://opendeck.app/?ref=producthunt,,Unread,1604219523,[]
https://caseyhandmer.wordpress.com/2025/02/04/stuff-you-should-have-been-taught-in-college-but-werent/,Stuff you should have been taught in college but weren’t,,Unread,1739120806,[]
https://www.cs.utexas.edu/~eunsol/courses/data/bitter_lesson.pdf,bitter_lesson.pdf,,Unread,1740588986,[]
https://patrickcollison.com/fast,Fast · Patrick Collison,,Unread,1740037830,[]
https://www.slideshare.net/slideshow/the-alliance-a-visual-summary/36981114,The Alliance: A Visual Summary | PPT,,Unread,1742158047,[]
https://priyanshuchhazed.medium.com/a-marriage-with-a-pinch-of-a-start-up-70aa5dcb1fae,https://priyanshuchhazed.medium.com/a-marriage-with-a-pinch-of-a-start-up-70aa5dcb1fae,,Unread,1643789998,[]
https://academics.hamilton.edu/documents/themundanityofexcellence.pdf,themundanityofexcellence.pdf,,Unread,1740589254,[]
https://www.palladiummag.com/2024/08/30/when-the-mismanagerial-class-destroys-great-companies/,When the Mismanagerial Class Destroys Great Companies,,Unread,1741043586,[]
https://sriramk.com/memos/zuck-unity.pdf,https://sriramk.com/memos/zuck-unity.pdf,,Unread,1665988942,[]
https://www.thepullrequest.com/p/the-invisible-boot,https://www.thepullrequest.com/p/the-invisible-boot,,Unread,1626631754,[]
https://www.bbc.com/news/articles/cwyl171lyewo,America through the looking glass: The crypto bros crowdfunding a new country,,Unread,1726851880,[]
https://qz.com/1100221/the-worlds-first-negative-emissions-plant-has-opened-in-iceland-turning-carbon-dioxide-into-stone,https://qz.com/1100221/the-worlds-first-negative-emissions-plant-has-opened-in-iceland-turning-carbon-dioxide-into-stone/,,Unread,1515739683,[]
https://mitsloan.mit.edu/ideas-made-to-matter/steve-jobs-talks-consultants-hiring-and-leaving-apple-unearthed-1992-talk,https://mitsloan.mit.edu/ideas-made-to-matter/steve-jobs-talks-consultants-hiring-and-leaving-apple-unearthed-1992-talk,,Unread,1563900092,[]
https://www.newstatesman.com/ideas/2024/01/john-gray-peter-thiel-discussion-post-modern-world,John Gray and Peter Thiel: Life in a postmodern world - New Statesman,,Unread,1728507421,[]
https://waitbutwhy.com/2018/04/picking-career.html,https://waitbutwhy.com/2018/04/picking-career.html?utm_source=pocket_collection_story,,Unread,1667738392,[]
https://www.bbc.com/news/world-middle-east-39960461,http://www.bbc.co.uk/news/world-middle-east-39960461,,Unread,1496677894,[]
https://review.firstround.com/give-away-your-legos-and-other-commandments-for-scaling-startups/,https://review.firstround.com/give-away-your-legos-and-other-commandments-for-scaling-startups,,Unread,1642789241,[]
https://www.theatlantic.com/science/archive/2024/03/universe-physics-philosophy-blind-spot-experience/677641/,The Universe Is Nothing Without Us,,Unread,1710269044,[]
https://www.notboring.co/p/nifty-corporates,https://www.notboring.co/p/nifty-corporates,,Unread,1634061157,[]
https://sidu.in/essays/hiring-product-managers.html,https://sidu.in/essays/hiring-product-managers.html#skills,,Unread,1654781995,[]
https://www.bostonreview.net/articles/china-and-the-lure-of-global-capitalism/,https://www.bostonreview.net/articles/china-and-the-lure-of-global-capitalism/,,Unread,1667112436,[]
https://www.institutionalinvestor.com/article/2bswcr8vbel8iskltcq2o/corner-office/the-mba-myth-and-the-cult-of-the-ceo,The MBA Myth and the Cult of the CEO,,Unread,1737505323,[]
https://aeon.co/essays/empires-pandemics-and-the-economic-future-of-the-west,https://aeon.co/essays/empires-pandemics-and-the-economic-future-of-the-west,,Unread,1632069940,[]
https://www.ribbonfarm.com/2020/01/16/the-internet-of-beefs/,The Internet of Beefs,,Unread,1756832705,[]
https://www.newyorker.com/magazine/2019/08/05/the-invention-of-money,https://www.newyorker.com/magazine/2019/08/05/the-invention-of-money?utm_source=pocket&utm_medium=email&utm_campaign=pockethits,,Unread,1566660380,[]
https://www.bvp.com/atlas/the-cloud-100-benchmarks-report,https://www.bvp.com/atlas/the-cloud-100-benchmarks-report,,Unread,1617543799,"[""tech""]"
https://randle.substack.com/p/playing-different-games,Playing Different Games - by Everett Randle,,Unread,1745450641,[]
https://caseyhandmer.wordpress.com/2022/10/11/why-high-speed-rail-hasnt-caught-on/,https://caseyhandmer.wordpress.com/2022/10/11/why-high-speed-rail-hasnt-caught-on/,,Unread,1665987098,[]
https://www.nationalgeographic.com/magazine/article/holland-agriculture-sustainable-farming,This Tiny Country Feeds the World,,Unread,1715055092,[]
https://how.complexsystems.fail/,How Complex Systems Fail,,Unread,1733539821,[]
https://github.com/ARKInvest/Starlink,https://github.com/ARKInvest/Starlink,,Unread,1663485165,[]
https://li.substack.com/p/building-the-middle-class-of-the,https://li.substack.com/p/building-the-middle-class-of-the,,Unread,1610896145,"[""tech""]"
https://worksinprogress.co/issue/the-housing-theory-of-everything/,https://www.worksinprogress.co/issue/the-housing-theory-of-everything/,,Unread,1667139293,[]
https://stratechery.com/2020/chips-and-geopolitics/,https://stratechery.com/2020/chips-and-geopolitics/,,Unread,1634058698,[]
https://digitaldante.columbia.edu/dante/divine-comedy/,Digital Dante,,Unread,1742074743,[]
https://kk.org/thetechnium/103-bits-of-advice-i-wish-i-had-known/,https://kk.org/thetechnium/103-bits-of-advice-i-wish-i-had-known/,,Unread,1654981155,[]
https://writing.kunle.app/p/stablecoins-are-helping-create-a,Stablecoins are helping create a buyer of second-to-last resort for US Trea,,Unread,1716280395,[]
https://www.newyorker.com/magazine/2020/01/13/the-equality-conundrum,The Equality Conundrum | The New Yorker,,Unread,1578923447,[]
https://marker.medium.com/companies-should-be-allowed-to-fail-421f764f9fd6,Some Companies Deserve to Fail - Marker,,Unread,1587371209,[]
https://www.themarginalian.org/2023/04/11/masud-khan-lying-fallow/,https://www.themarginalian.org/2023/04/11/masud-khan-lying-fallow/,,Unread,1682622512,[]
https://coda.io/@shishir/lenny2024,Lenny & Friends Summit Talk: 2024,,Unread,1744315757,[]
https://www.bbc.com/news/world-europe-68055420,Georgia's stolen children: Twins sold at birth reunited by TikTok video,,Unread,1706279058,[]
https://moxie.org/2022/01/07/web3-first-impressions.html,https://moxie.org/2022/01/07/web3-first-impressions.html,,Unread,1642252061,[]
https://www.nytimes.com/2019/12/25/opinion/middle-east-world-war-i.html,https://www.nytimes.com/2019/12/25/opinion/middle-east-world-war-i.html,,Unread,1577494895,[]
https://www.project-syndicate.org/onpoint/hot-peace-putins-war-as-clash-of-civilization-by-slavoj-zizek-2022-03,https://www.project-syndicate.org/onpoint/hot-peace-putins-war-as-clash-of-civilization-by-slavoj-zizek-2022-03,,Unread,1648301331,[]
https://ai-2027.com/,AI 2027,,Unread,1744180001,[]
https://www.vanityfair.com/news/2017/03/elon-musk-billion-dollar-crusade-to-stop-ai-space-x,http://www.vanityfair.com/news/2017/03/elon-musk-billion-dollar-crusade-to-stop-ai-space-x?mbid=social_cp_fb_tny,,Unread,1491579335,[]
https://www.economist.com/finance-and-economics/2019/09/06/why-yields-are-the-best-guide-to-future-stockmarket-returns,https://www.economist.com/finance-and-economics/2019/09/07/why-yields-are-the-best-guide-to-future-stockmarket-returns,,Unread,1576402964,[]
https://www.elysian.press/p/no-one-buys-books,No one buys books,,Unread,1714025453,[]
https://abovethecrowd.com/2021/06/03/customers-love-free-stuff-but-thats-not-your-problem/,Customers Love Free Stuff ... But That’s Not Your Problem - Above the CrowdAbove the Crowd | By Bill,,Unread,1730407837,[]
https://sleepwell.substack.com/p/music-streaming-royalties-101,https://sleepwell.substack.com/p/music-streaming-royalties-101,,Unread,1647769950,[]
https://www.nzz.ch/english/inside-the-intercontinental-in-kabul-the-luxury-hotel-run-by-the-taliban-ld.1756704,"Inside the Intercontinental in Kabul, the luxury hotel run by the Taliban",,Unread,1696779374,[]
https://assets.ctfassets.net/iqem6dz8q0mk/6qbZWboqFNcq2i0YFa4Sxz/c134e5f32904e91e63b5f805acd5c2fe/Coatue_Next_Decade_in_FinTech_Oct-22.pdf,https://assets.ctfassets.net/iqem6dz8q0mk/6qbZWboqFNcq2i0YFa4Sxz/c134e5f32904e91e63b5f805acd5c2fe/Coatue_Next_Decade_in_FinTech_Oct-22.pdf,,Unread,1667113867,[]
https://www.nytimes.com/2017/03/07/upshot/how-to-beat-the-robots.html,https://mobile.nytimes.com/2017/03/07/upshot/how-to-beat-the-robots.html?smid=fb-nytimes&smtyp=cur&smvar=wkndbau&_r=0&referer=https://m.facebook.com/,,Unread,1489415482,[]
https://www.bvp.com/memos/linkedin,https://www.bvp.com/memos/linkedin,,Unread,1609683180,[]
https://www.nytimes.com/2024/04/07/opinion/larry-david-curb-philosophy.html,"Larry David, Philosopher King",,Unread,1712687785,[]
https://www.linkedin.com/pulse/nike-epic-saga-value-destruction-massimo-giunco-llplf,Nike: An Epic Saga of Value Destruction,,Unread,1723050006,[]
https://www.himalmag.com/politics/reliance-ambani-anant-elephants-wildlife-vantara-radhe-krishna-trust-greens,The costs of Reliance’s wildlife ambitions,,Unread,1711390568,[]
https://what-if.xkcd.com/161/,https://what-if.xkcd.com/161/,,Unread,1671048863,[]
https://www.rollingstone.com/culture/culture-news/the-steve-jobs-nobody-knew-71168/,The Steve Jobs Nobody Knew,,Unread,1586508880,[]
https://getpocket.com/explore/item/the-bitcoin-paradox,https://getpocket.com/explore/item/the-bitcoin-paradox,,Unread,1571938073,[]
https://andrewchen.com/the-next-feature-fallacy-the-fallacy-that-the-next-new-feature-will-suddenly-make-people-use-your-product/,https://andrewchen.com/the-next-feature-fallacy-the-fallacy-that-the-next-new-feature-will-suddenly-make-people-use-your-product/,,Unread,1669660691,[]
https://www.newyorker.com/magazine/2020/04/13/the-quest-for-a-pandemic-pill,The Quest for a Pandemic Pill | The New Yorker,,Unread,1586936089,[]
https://www.project-syndicate.org/commentary/united-states-has-no-external-deficit-by-ricardo-hausmann-2018-03,https://www.project-syndicate.org/commentary/united-states-has-no-external-deficit-by-ricardo-hausmann-2018-03,,Unread,1524424015,[]
https://www.bloomberg.com/news/features/2019-10-03/how-private-equity-works-and-took-over-everything,https://www.bloomberg.com/news/features/2019-10-03/how-private-equity-works-and-took-over-everything,,Unread,1571940334,[]
https://www.kunle.app/june-2020-wave-hunting.html,Wave hunting,,Unread,1716278913,[]
https://www.lennysnewsletter.com/p/validating-your-startup-idea,https://www.lennysnewsletter.com/p/validating-your-startup-idea,,Unread,1653851069,[]
https://www.strategy-business.com/article/The-Rise-of-the-Last-Mile-Exchange,https://www.strategy-business.com/article/The-Rise-of-the-Last-Mile-Exchange?gko=7cf43,,Unread,1534944493,[]
https://getpocket.com/explore/item/little-prince-author-antoine-de-saint-exupry-on-losing-a-friend,“Little Prince” Author Antoine de Saint-Exupéry on Losing a Friend,,Unread,1715291831,[]
https://www.experimental-history.com/p/so-you-wanna-de-bog-yourself,So you wanna de-bog yourself,,Unread,1712550134,[]
https://kwokchain.com/2020/01/23/underutilized-fixed-assets/,Underutilized Fixed Assets,,Unread,1715559369,[]
https://kareem.substack.com/p/what-i-think-about-lebron-breaking,https://kareem.substack.com/p/what-i-think-about-lebron-breaking,,Unread,1676234736,[]
https://www.project-syndicate.org/commentary/more-resilient-global-financial-system-by-hans-helmut-kotz-and-susan-lund-2017-09,https://www.project-syndicate.org/commentary/more-resilient-global-financial-system-by-hans-helmut-kotz-and-susan-lund-2017-09,,Unread,1504768801,[]
https://teachyourselfcs.com/,Teach Yourself Computer Science,,Unread,1741044692,[]
https://blog.johnluttig.com/p/when-tailwinds-vanish,When Tailwinds Vanish,,Unread,1717165083,[]
https://www.thereadinglists.com/best-economics-books-for-beginners/,https://www.thereadinglists.com/best-economics-books-for-beginners/,,Unread,1610894941,[]
https://www.theatlantic.com/magazine/archive/2022/04/mohammed-bin-salman-saudi-arabia-palace-interview/622822/,https://www.theatlantic.com/magazine/archive/2022/04/mohammed-bin-salman-saudi-arabia-palace-interview/622822/,,Unread,1647028791,[]
https://pmarchive.com/pmarchive-jekyll/psychology_of_entrepreneurial_misjudgment,https://fictivekin.github.io/pmarchive-jekyll//psychology_of_entrepreneurial_misjudgment,,Unread,1674841270,[]
https://manassaloi.com/2020/02/01/pm-interview-questions.html,https://manassaloi.com/2020/02/01/pm-interview-questions.html,,Unread,1654978333,[]
https://www.themarginalian.org/2024/02/11/anne-morrow-lindbergh-change/,Anne Morrow Lindbergh on Embracing Change in Relationships and the Key Patt,,Unread,1708054467,[]
https://hbr.org/2019/02/netflix-and-the-economics-of-bundling,https://hbr.org/2019/02/netflix-and-the-economics-of-bundling,,Unread,1551796724,[]
https://getpocket.com/explore/item/why-nothing-works-anymore,https://getpocket.com/explore/item/why-nothing-works-anymore,,Unread,1571245745,[]
https://www.nytimes.com/2019/12/12/business/economy/economy-recession.html,A Recession Hasn’t Arrived (Yet). Here’s Where You’ll See It First. - The N,,Unread,1580023651,[]
https://coda.io/@shishir/four-myths-of-bundling,https://coda.io/@shishir/four-myths-of-bundling,,Unread,1599074445,[]
https://archive.vanityfair.com/article/1999/7/gucci-and-goliath,GUCCI AND GOLIATH,,Unread,1688953034,[]
https://www.danhock.co/,https://www.danhock.com/posts/the-future-of-marketplaces,,Unread,1613064706,"[""tech""]"
https://www.google.co.in/url?q=https%3A%2F%2Famp.businessinsider.com%2Fhigh-school-senior-who-got-into-5-ivy-league-schools-shares-her-admissions-essay-2016-4,https://www.google.co.in/amp/s/amp.businessinsider.com/high-school-senior-who-got-into-5-ivy-league-schools-shares-her-admissions-essay-2016-4?client=safari,,Unread,1478626098,[]
https://newrepublic.com/article/154944/boeing-737-max-investigation-indonesia-lion-air-ethiopian-airlines-managerial-revolution,Crash Course,,Unread,1709047701,[]
https://wtfhappenedin1971.com/,https://wtfhappenedin1971.com/,,Unread,1660557427,[]
https://ideas.ted.com/business-101-a-reading-list-for-lifelong-learners/,Business 101: A Reading List for Lifelong Learners,,Unread,1581271993,[]
https://www.newyorker.com/magazine/2020/12/21/what-if-you-could-do-it-all-over,https://www.newyorker.com/magazine/2020/12/21/what-if-you-could-do-it-all-over,,Unread,1608491246,[]
https://medium.com/fourletter-selling/how-to-get-a-job-in-software-sales-3b5b5278a273,How To Get A Job In Software Sales – Science-Based Sales® | preHIRED – Medi,,Unread,1542291778,[]
https://tejas.iimb.ac.in/articles/IndiaAirline_Tejas_Mar17.pdf,https://tejas.iimb.ac.in/articles/IndiaAirline_Tejas_Mar17.pdf,,Archive,1516215144,[]
https://medium.com/@aneeshar/enabling-the-enablers-what-to-consider-when-building-best-in-class-api-led-fintech-companies-f7c401e55f77,https://medium.com/@aneeshar/enabling-the-enablers-what-to-consider-when-building-best-in-class-api-led-fintech-companies-f7c401e55f77,,Unread,1625168378,"[""tech""]"
https://www.newyorker.com/humor/daily-shouts/historys-great-authors-request-nudes,http://www.newyorker.com/humor/daily-shouts/historys-great-authors-request-nudes?mbid=social_facebook,,Unread,1484840203,[]
https://www2.deloitte.com/content/www/us/en/insights/industry/retail-distribution/future-of-retail-renaissance-apocalypse.html,https://www2.deloitte.com/insights/us/en/industry/retail-distribution/future-of-retail-renaissance-apocalypse.html?id=us:2sm:3tw:4shoptalk18:5eng:6cb:20180316:kaseyr&linkId=49331523,,Unread,1521616246,[]
https://www.nytimes.com/interactive/2020/world/year-in-pictures.html,https://www.nytimes.com/interactive/2020/world/year-in-pictures.html,,Unread,1608920395,[]
https://www.notion.so,Product Principles at Warp,,Unread,1701538885,[]
https://www.latimes.com/archives/la-xpm-1999-aug-22-mn-21385-story.html,https://www.latimes.com/archives/la-xpm-1999-aug-22-mn-21385-story.html,,Unread,1675053500,[]
https://www.mydomaine.com/entertaining-4628439,The 15 Best Satire Books of All Time,,Unread,1573405507,[]
https://www.project-syndicate.org/commentary/trump-chinese-debt-global-imbalances-by-yanis-varoufakis-2016-11,https://www.project-syndicate.org/commentary/trump-chinese-debt-global-imbalances-by-yanis-varoufakis-2016-11,,Unread,1480429400,[]
https://julian.digital/2020/03/28/signaling-as-a-service/,Signaling as a Service,,Unread,1707852729,[]
https://eriktorenberg.substack.com/p/on-celebrity,https://eriktorenberg.substack.com/p/on-celebrity,,Unread,1677855548,[]
https://www.vice.com/en/article/the-man-who-broke-ticketmaster/,The Man Who Broke Ticketmaster,,Unread,1706297756,[]
https://foreignpolicy.com/2017/02/21/california-really-has-what-it-takes-to-secede/,http://foreignpolicy.com/2017/02/21/california-really-has-what-it-takes-to-secede/?utm_content=bufferf47e9&utm_medium=social&utm_source=facebook.com&utm_campaign=buffer,,Unread,1488995531,[]
https://medium.com/craft-ventures/the-gross-margin-problem-lessons-for-tech-enabled-startups-e2aefab8a0d4,https://medium.com/craft-ventures/the-gross-margin-problem-lessons-for-tech-enabled-startups-e2aefab8a0d4,,Unread,1575014022,[]
https://www.prospectmagazine.co.uk/essays/44072/gambling-is-a-feature-of-capitalismnot-a-bug,https://www.prospectmagazine.co.uk/magazine/gambling-is-a-feature-of-capitalism-not-a-bug,,Unread,1491758118,[]
https://www.nplusonemag.com/online-only/online-only/indian-liberals-must-die/,Indian Liberals Must Die,,Unread,1706599035,[]
https://www.eugenewei.com/blog/2019/2/19/status-as-a-service,https://www.eugenewei.com/blog/2019/2/19/status-as-a-service,,Unread,1654010601,[]
https://andrewchen.com/why-consumer-product-metrics-are-all-terrible/,https://andrewchen.com/why-consumer-product-metrics-are-all-terrible/,,Unread,1670954688,[]
https://qz.com/india/695453/an-indian-engineer-in-silicon-valley-has-invented-a-machine-to-brew-the-perfect-masala-tea,http://qz.com/695453/an-indian-engineer-in-silicon-valley-has-invented-a-machine-to-brew-the-perfect-masala-tea/,,Unread,1464766364,[]
https://www.kunle.app/feb-2021-how-to-dismantle-turbotax.html,What it will take to defeat TurboTax,,Unread,1701534856,[]
http://sriramk.com,https://sriramk.com/memos,,Unread,1665988956,[]
https://qz.com/1383412/ten-years-after-lehmans-collapse-these-are-the-risks-in-the-financial-system-now,https://qz.com/1383412/ten-years-after-lehmans-collapse-these-are-the-risks-in-the-financial-system-now/,,Unread,1537169995,[]
https://gen.medium.com/how-a-tv-sitcom-triggered-the-downfall-of-western-civilization-336e8ccf7dd0,How a TV Sitcom Triggered the Downfall of Western Civilization,,Unread,1475515360,[]
https://futureiq.substack.com/p/misconceptions-about-income-distribution,https://futureiq.substack.com/p/misconceptions-about-income-distribution,,Unread,1685260872,[]
https://stanford.edu/~shervine/teaching/cs-229/cheatsheet-deep-learning,https://stanford.edu/~shervine/teaching/cs-229/cheatsheet-deep-learning,,Unread,1539890558,[]
https://www.newyorker.com/magazine/2019/12/09/blood-and-soil-in-narendra-modis-india,https://www.newyorker.com/magazine/2019/12/09/blood-and-soil-in-narendra-modis-india,,Unread,1576405181,[]
https://aeon.co/essays/no-boss-no-thanks-why-managers-are-more-important-than-ever,https://aeon.co/essays/no-boss-no-thanks-why-managers-are-more-important-than-ever,,Unread,1550029186,[]
https://sriramk.com/memos/brzezinski-carter.pdf,https://sriramk.com/memos/brzezinski-carter.pdf,,Unread,1666423322,[]
https://sriramk.com/memos/CHF%20-%20dupont%20bomb%20memo.pdf,https://sriramk.com/memos/CHF - dupont bomb memo.pdf,,Unread,1665990418,[]
https://www.lennysnewsletter.com/p/building-community,https://www.lennysnewsletter.com/p/building-community,,Unread,1639913707,[]
https://manassaloi.com/2020/01/21/aristos-pm-coaching.html,https://manassaloi.com/2020/01/21/aristos-pm-coaching.html,,Unread,1597670370,[]
https://storypick.com/movies-wtf/,http://www.storypick.com/movies-wtf/,,Unread,1468070739,[]
https://www.kauffman.org/wp-content/uploads/2009/06/theeconomicfuturejusthappened.pdf,The Economic Future Just Happened [&v6],,Unread,1587552725,[]
https://qz.com/955120/its-time-for-us-to-admit-that-whether-or-not-we-succeed-in-life-is-mostly-about-luck,https://qz.com/955120/its-time-for-us-to-admit-that-whether-or-not-we-succeed-in-life-is-mostly-about-luck/?utm_source=qzfb,,Unread,1493284554,[]
https://www.chicagotribune.com/1997/06/01/advice-like-youth-probably-just-wasted-on-the-young-2/,https://www.chicagotribune.com/columns/chi-schmich-sunscreen-column-column.html,,Unread,1664134039,[]
https://markmanson.net/how-to-make-better-life-decisions,http://markmanson.net/how-to-make-better-life-decisions,,Unread,1565891953,[]
https://www.kauffmanfellows.org/journal/silicon-valley-camels,"Silicon Valley Camels, will you please stand up - Kauffman Fellows",,Unread,1586597725,[]
https://www.thecut.com/article/questions-to-ask-in-a-job-interview.html,https://www.thecut.com/article/questions-to-ask-in-a-job-interview.html,,Unread,1544033543,[]
https://www.bbc.com/news/stories-50852379,https://www.bbc.co.uk/news/stories-50852379,,Unread,1577610738,[]
https://www.afi.com/afis-10-top-10/,https://www.afi.com/afis-10-top-10/,,Unread,1616304563,[]
https://www.nytimes.com/2003/11/16/business/who-s-reading-your-x-ray.html,http://www.nytimes.com/2003/11/16/business/who-s-reading-your-x-ray.html,,Unread,1477597089,[]
https://www.wallstreetoasis.com/forum/success/non-target-to-bainbcg-intern,https://www.wallstreetoasis.com/forums/non-target-to-bainbcg-intern,,Unread,1518805772,[]
https://www.quantamagazine.org/computer-scientists-break-traveling-salesperson-record-20201008/,Computer Scientists Break Traveling Salesperson Record | Quanta Magazine,,Unread,1605360264,[]
https://www.stratechi.com/deductive-inductive-logic/,https://www.stratechi.com/deductive-inductive-logic/,,Unread,1572451823,[]
https://www.uncensoredlibrary.com/,https://uncensoredlibrary.com/en,,Unread,1609683582,[]
https://www.consultantsmind.com/2017/04/23/30-mckinsey-presentations/,http://www.consultantsmind.com/2017/04/23/30-mckinsey-presentations/amp/,,Unread,1515794276,[]
https://www.technologyreview.com/2018/11/17/103781/what-is-machine-learning-we-drew-you-another-flowchart/,What is machine learning? We drew you another flowchart - MIT Technology Re,,Unread,1542548308,[]
https://web.williams.edu/HistSci/curriculum/101/informing.html,"""German Informatics Society"" by Neil Postman",,Unread,1688286802,[]
https://minesafetydisclosures.com,https://minesafetydisclosures.com/,,Unread,1604219422,[]
https://untools.co/issue-trees/,https://untools.co/issue-trees,,Unread,1599076202,[]
https://www.nytimes.com/2016/11/13/opinion/whats-the-use-of-regret.html,http://mobile.nytimes.com/2016/11/13/opinion/whats-the-use-of-regret.html?smid=fb-nytopinion&smtyp=cur&_r=0&referer=http://l.facebook.com/?u=http://www.nytimes.com/2016/11/13/opinion/whats-the-use-of-regret.html?smid=fb-nytopinion&smtyp=cur&e=ATOeYQ2W0Vw5f2c7V3YQsev_2eGRwhZQOn8zw6Qyj-O1owzxweba0Htv9jLFx8PYcquqw1uFAyl7mmxMw1rxCbZI2TApHatoX4XAyg,,Unread,1479401697,[]
https://www.intercom.com/blog/prioritizing-product-announcements-saas-world/,https://www.intercom.com/blog/prioritizing-product-announcements-saas-world/,,Unread,1635261145,"[""tech""]"
https://joshkaufman.net/creating-a-personal-masterplan/,https://joshkaufman.net/creating-a-personal-masterplan/,,Unread,1666422853,[]
https://www.economist.com/the-economist-explains/2017/01/29/what-full-employment-really-means,http://www.economist.com/blogs/economist-explains/2017/01/economist-explains-19,,Unread,1486388719,[]
https://www.core-econ.org/the-economy/v1/book/text/20.html,https://www.core-econ.org/the-economy/book/text/20.html,,Unread,1544972952,[]
https://www.quora.com/What-are-your-views-on-this-line-Love-is-the-one-thing-that-were-capable-of-perceiving-that-transcends-dimensions-of-time-and-space-from-the-movie-“Interstellar”,https://www.quora.com/What-are-your-views-on-this-line-Love-is-the-one-thing-that-were-capable-of-perceiving-that-transcends-dimensions-of-time-and-space-from-the-movie-%E2%80%9CInterstellar%E2%80%9D,,Unread,1709660574,[]
https://www.economist.com/business/2017/03/09/new-technologies-could-slash-the-cost-of-steel-production,https://www.economist.com/news/business/21718545-150-year-old-idea-finally-looks-working-new-technologies-could-slash-cost-steel,,Unread,1501408605,[]
https://www.youtube.com/watch?t=163s&v=PHe0bXAIuk0,How The Economic Machine Works by Ray Dalio - YouTube,,Unread,1542013237,[]
https://www.nytimes.com/2016/10/07/upshot/your-surgeon-is-probably-a-republican-your-psychiatrist-probably-a-democrat.html,http://mobile.nytimes.com/2016/10/07/upshot/your-surgeon-is-probably-a-republican-your-psychiatrist-probably-a-democrat.html?partner=qz&referer=http://lm.facebook.com/lsr.php?u=http://www.nytimes.com/2016/10/07/upshot/your-surgeon-is-probably-a-republican-your-psychiatrist-probably-a-democrat.html?partner=qz&ext=1476113207&hash=AckRBB-cuogd1axdsmSMPSJZc-osCD4R8Qpgo904VH9DbQ&_rdr,,Unread,1476113540,[]
https://www.bbc.com/culture/article/20181029-the-100-greatest-foreign-language-films,BBC - Culture - The 100 greatest foreign-language films,,Unread,1540913150,[]
https://www.project-syndicate.org/commentary/real-roots-of-populism-by-andres-velasco-2016-07,https://www.project-syndicate.org/commentary/real-roots-of-populism-by-andres-velasco-2016-07,,Unread,1482152945,[]
https://www.theatlantic.com/video/index/528831/what-makes-things-cool/,https://www.theatlantic.com/video/index/528831/what-makes-things-cool/?utm_source=atlfb,,Unread,1496575881,[]
https://www.scoopwhoop.com/humor/twisted-sense-of-humour-for-dark-comics/,https://www.scoopwhoop.com/Twisted-Sense-Of-Humour-For-Dark-Comics/?ref=social&type=fb&b=0#.4f697oih6,,Unread,1482767187,[]
https://www.bbc.com/news/business-37175814,http://www.bbc.co.uk/news/business-37175814,,Unread,1480398852,[]
https://www.economist.com/business/2016/10/22/countdown,http://www.economist.com/news/business/21709061-entrepreneurs-finances-are-jaw-dropping-inventive-and-combustible-his-space?fsrc=scn/fb/te/pe/ed/countdown,,Unread,1479053185,[]
https://www.scientificamerican.com/video/no-one-can-explain-why-planes-stay-in-the-air/,No One Can Explain Why Planes Stay in the Air - Scientific American,,Unread,1607180214,"[""read later""]"
https://www.google.co.in/url?q=http%3A%2F%2Fnextshark.com%2Fkandapara-brothel-bangladesh-brothel%2Famp%2F,https://www.google.co.in/amp/nextshark.com/kandapara-brothel-bangladesh-brothel/amp/?client=safari,,Unread,1480367716,[]
https://www.newyorker.com/science/maria-konnikova/why-are-babies-so-dumb-if-humans-are-so-smart,http://www.newyorker.com/science/maria-konnikova/why-are-babies-so-dumb-if-humans-are-so-smart?mbid=social_facebook,,Unread,1473359833,[]
https://www.economist.com/topics/the-world-ahead-2025,http://worldif.economist.com/article/6/what-if-the-yuan-competes-with-the-dollar-clash-of-the-currencies?fsrc=scn/fb/te/bl/ed/theworldifacompilationofscenarios,,Unread,1448894703,[]
https://www.thesaascfo.com/calculate-saas-magic-number/,https://www.thesaascfo.com/calculate-saas-magic-number/,,Unread,1578670150,[]
https://www.theatlantic.com/technology/archive/2017/09/saving-the-world-from-code/540393/,https://www.theatlantic.com/technology/archive/2017/09/saving-the-world-from-code/540393/,,Unread,1516876609,[]
https://hbr.org/2018/03/why-process-is-u-s-health-cares-biggest-problem?utm_campaign=Feed%3A+harvardbusiness+%28HBR.org%29&utm_medium=feed&utm_source=feedburner,https://hbr.org/2018/03/why-process-is-u-s-health-cares-biggest-problem?utm_source=feedburner&utm_medium=feed&utm_campaign=Feed:+harvardbusiness+(HBR.org),,Unread,1521537120,[]
https://www.forbes.com/sites/kristinakillgrove/2018/05/11/meet-the-worst-businessman-of-the-18th-century/,Meet The Worst Businessman Of The 18th Century BC,,Unread,1711341970,[]
https://medium.com/straight-talkers/men-want-sex-and-women-want-love-not-exactly-633ddb3f5178,https://medium.com/straight-talkers/men-want-sex-and-women-want-love-not-exactly-633ddb3f5178,,Unread,1568694373,[]
http://www.thecritique.com/articles/time-is-a-flat-circle-nietzsches-doctrine-of-eternal-recurrence/,http://www.thecritique.com/articles/time-is-a-flat-circle-nietzsches-doctrine-of-eternal-recurrence/,,Unread,1448767481,[]
https://www.project-syndicate.org/commentary/temporary-robot-tax-finances-adjustment-by-robert-j--shiller-2017-03,https://www.project-syndicate.org/commentary/temporary-robot-tax-finances-adjustment-by-robert-j--shiller-2017-03,,Unread,1492322865,[]
https://www.economist.com/schools-brief/2016/08/20/prison-breakthrough,http://www.economist.com/news/economics-brief/21705308-fifth-our-series-seminal-economic-ideas-looks-nash-equilibrium-prison?fsrc=scn/fb/te/bl/ed/,,Unread,1483365455,[]
https://www.bloomberg.com/opinion/articles/2016-08-24/are-index-funds-communist,https://www.bloomberg.com/view/articles/2016-08-24/are-index-funds-communist,,Unread,1617045083,[]
https://qz.com/work/1138769/facebooks-deb-liu-how-i-beat-imposter-syndrome,https://work.qz.com/1138769/facebooks-deb-liu-how-i-beat-imposter-syndrome/,,Unread,1515654944,[]
https://www.theatlantic.com/video/index/515667/how-would-immortality-change-the-way-we-live/,https://www.theatlantic.com/video/index/515667/how-would-immortality-change-the-way-we-live/?utm_source=atlfb,,Unread,1487598819,[]
https://ciechanow.ski/archives/,https://ciechanow.ski/archives/,,Unread,1673764276,[]
https://qz.com/india/586192/theres-a-misogynist-aspect-of-buddhism-that-nobody-talks-about,http://qz.com/586192/theres-a-misogynist-aspect-of-buddhism-that-nobody-talks-about/,,Unread,1459104891,[]
https://qz.com/965771/the-secret-to-getting-career-advice-from-important-people-according-to-the-birchbox-ceo,https://qz.com/965771/the-secret-to-getting-career-advice-from-important-people-according-to-the-birchbox-ceo/?utm_source=qzfb,,Unread,1494355694,[]
https://techcrunch.com/2016/07/14/the-3-biggest-sales-mistakes-enterprise-software-companies-make/,The 3 biggest sales mistakes enterprise software companies make – TechCrunc,,Unread,1579626139,[]
https://www.newyorker.com/humor/daily-shouts/men-as-doors,http://www.newyorker.com/humor/daily-shouts/men-as-doors?mbid=social_facebook,,Unread,1490593117,[]
https://education.economist.com/whichmba,http://www.economist.com/whichmba/mba-rankings/salary?fsrc=scn/fb/te/bl/ed/showmethemoneymbarankingwhichmba,,Unread,1479744754,[]
https://www.theatlantic.com/magazine/archive/2019/07/mh370-malaysia-airlines/590653/,https://www.theatlantic.com/magazine/archive/2019/07/mh370-malaysia-airlines/590653/,,Unread,1655579833,[]
https://theoatmeal.com:443/comics/believe,http://theoatmeal.com/comics/believe,,Unread,1494698699,[]
https://www.fastcompany.com/90334451/google-sheets-tips,https://www.fastcompany.com/90334451/27-incredibly-useful-things-you-didnt-know-google-sheets-could-do?utm_source=pocket&utm_medium=email&utm_campaign=pockethits,,Unread,1556114120,[]
https://consensys.io/blog,https://media.consensys.net/cone-the-future-of-decentralized-organizations-f0f2851de46f,,Unread,1639417296,[]
https://ideas.ted.com/when-should-you-settle-down/,http://ideas.ted.com/when-should-you-settle-down/?utm_campaign=social&utm_medium=referral&utm_source=facebook.com&utm_content=ideas-blog&utm_term=math,,Unread,1491791065,[]
https://www.facebook.com/login/?next=https%3A%2F%2Fwww.facebook.com%2Fflx%2Fwarn%2F%3Fu%3Dhttp%253A%252F%252Fon.inc.com%252F1r25Imd%26h%3DAT2DxOT4gI1JQan2EosEstft8EQAVY1eyyA9Q4vKiZWa8boc46DpZbc_05AFj7wORH1KOJVIDoDkqcfut4FHp7HSvPPz4zM_FKWitgXNytx_pKXGXg,https://m.facebook.com/l.php?u=http://on.inc.com/1r25Imd&h=gAQHn3TJQ&enc=AZMuVrB43FsT07QAFkkTJ_ecUbsvoi-vZeLDoC1Xw2hT9FW2F9xoVKjtfL6jRru7ncRcWWhmvbFZRzIWBGYibwxRsnnNEB8vTTy6LWBMSp0oPVLOYVWvfEQI485Am9bNJl2K4qNS0R8f6Ius7SBMgDZqUYk__Zj0CcC32_N6PdW15Q&s=1,,Unread,1464818310,[]
https://ideas.ted.com/why-you-think-youre-right-even-when-youre-wrong/,http://ideas.ted.com/why-you-think-youre-right-even-when-youre-wrong/?utm_campaign=social&utm_medium=referral&utm_source=facebook.com&utm_content=ideas-blog&utm_term=social-science,,Unread,1489207471,[]
https://www.bbc.com/news/magazine-34810066,http://www.bbc.co.uk/news/magazine-34810066,,Unread,1447791110,[]
https://www.mckinsey.com/industries/agriculture/our-insights/how-the-global-supply-landscape-for-meat-protein-will-evolve,How the supply landscape for global meat consumption will evolve | McKinsey,,Unread,1540218608,[]
https://www.smithsonianmag.com/history/what-ever-happened-to-russian-revolution-180964768/,https://www.smithsonianmag.com/history/what-ever-happened-to-russian-revolution-180964768/,,Unread,1535658443,[]
https://www.project-syndicate.org/commentary/mnuchin-automation-low-skill-workers-by-j--bradford-delong-2017-04,https://www.project-syndicate.org/commentary/mnuchin-automation-low-skill-workers-by-j--bradford-delong-2017-04?utm_source=Project+Syndicate+Newsletter&utm_campaign=109c4cb669-sunday_newsletter_9_4_2017&utm_medium=email&utm_term=0_73bad5b7d8-109c4cb669-105531837,,Unread,1499007813,[]
https://storypick.com/amazing-quotes-from-books/,http://www.storypick.com/amazing-quotes-from-books/,,Unread,1471793547,[]
https://www.nytimes.com/2017/01/07/opinion/sunday/yes-its-your-parents-fault.html,http://mobile.nytimes.com/2017/01/07/opinion/sunday/yes-its-your-parents-fault.html?smid=fb-nytimes&smtyp=cur&_r=0&referer=,,Unread,1484057967,[]
https://medium.com/@XiaohanZeng/i-interviewed-at-five-top-companies-in-silicon-valley-in-five-days-and-luckily-got-five-job-offers-25178cf74e0f,https://medium.com/@XiaohanZeng/i-interviewed-at-five-top-companies-in-silicon-valley-in-five-days-and-luckily-got-five-job-offers-25178cf74e0f,,Unread,1523339696,[]
http://www.atlasobscura.com/articles/the-doomed-mouse-utopia-that-inspired-the-rats-of-nimh,http://www.atlasobscura.com/articles/the-doomed-mouse-utopia-that-inspired-the-rats-of-nimh?utm_source=facebook.com&utm_medium=theatlantic,,Unread,1474477988,[]
https://www.brookings.edu/articles/9-things-you-should-know-about-the-carbon-tax-2/,https://www.brookings.edu/blog/brookings-now/2016/05/04/9-things-you-should-know-about-the-carbon-tax-2/,,Unread,1489908741,[]
https://ideas.ted.com/there-are-three-sides-to-every-argument/,http://ideas.ted.com/there-are-three-sides-to-every-argument/?utm_campaign=social&utm_medium=referral&utm_source=facebook.com&utm_content=ideas-blog&utm_term=social-science,,Unread,1492785017,[]
https://www.economist.com/briefing/2015/10/31/the-great-chain-of-being-sure-about-things,http://www.economist.com/news/briefing/21677228-technology-behind-bitcoin-lets-people-who-do-not-know-or-trust-each-other-build-dependable?fsrc=scn/fb/te/pe/ed/blockchains,,Unread,1446302947,[]
https://qz.com/554337/this-could-be-the-next-weapon-of-mass-destruction,http://qz.com/554337/this-could-be-the-next-weapon-of-mass-destruction/,,Unread,1448128345,[]
https://www.ndtvprofit.com/pursuits,http://www.bloombergquint.com/pursuits/2016/12/31/libraries-of-leaders-what-our-columnists-read-in-2016,,Unread,1483365554,[]
https://www.nytimes.com/2016/10/13/world/europe/russia-decoy-weapon.html,http://mobile.nytimes.com/2016/10/13/world/europe/russia-decoy-weapon.html?smid=fb-nytimes&smtyp=cur&referer=http://lm.facebook.com/lsr.php?u=http://www.nytimes.com/2016/10/13/world/europe/russia-decoy-weapon.html?smid=fb-nytimes&smtyp=cur&ext=1476300113&hash=AclW5W98ZSmGASz34c7btn9Ee6KyvMbDRcv1NFJoGQUGaA&_rdr,,Unread,1476300062,[]
https://thecorrespondent.com/7056/why-electric-cars-are-always-green-and-how-they-could-get-greener/741917761200-afaa6e5d,https://thecorrespondent.com/7056/why-electric-cars-are-always-green-and-how-they-could-get-greener/741917761200-afaa6e5d,,Unread,1517577689,[]
https://jamesclear.com/book-summaries/sapiens,http://jamesclear.com/book-summaries/sapiens,,Unread,1499260277,[]
https://www.nytimes.com/2015/08/16/technology/inside-amazon-wrestling-big-ideas-in-a-bruising-workplace.html,Inside Amazon: Wrestling Big Ideas in a Bruising Workplace,,Unread,1475239335,[]
https://www.nytimes.com/2016/05/29/opinion/sunday/why-you-will-marry-the-wrong-person.html,Why You Will Marry the Wrong Person,,Unread,1476968396,[]
https://www.newyorker.com/magazine/2017/02/13/anthony-bourdains-moveable-feast,https://www.newyorker.com/magazine/2017/02/13/anthony-bourdains-moveable-feast,,Unread,1593718283,[]
https://www.nytimes.com/2015/08/29/opinion/buying-sex-should-not-be-legal.html,http://mobile.nytimes.com/2015/08/29/opinion/buying-sex-should-not-be-legal.html?smid=fb-nytimes&smtyp=cur&_r=0&referrer=,,Unread,1440863445,[]
https://www.project-syndicate.org/commentary/financial-crisis-one-decade-later-by-jim-o-neill-2017-08,https://www.project-syndicate.org/commentary/financial-crisis-one-decade-later-by-jim-o-neill-2017-08,,Unread,1502638376,[]
https://www.economist.com/the-economist-explains/2013/05/28/what-is-the-difference-between-sunni-and-shia-muslims,http://www.economist.com/blogs/economist-explains/2013/05/economist-explains-19?fsrc=scn/fb/te/bl/ed/differencebetweensunniandshia,,Unread,1447597684,[]
https://www.bbc.com/news/business-34982233,http://www.bbc.co.uk/news/business-34982233,,Unread,1449072195,[]
https://students.brown.edu/seeing-theory/,http://students.brown.edu/seeing-theory/,,Unread,1512996908,[]
https://amp-businessinsider-com.cdn.ampproject.org/c/s/amp.businessinsider.com/the-cover-letter-format-that-made-my-job-application-response-rate-go-from-0-to-55-2017-2,https://amp-businessinsider-com.cdn.ampproject.org/c/s/amp.businessinsider.com/the-cover-letter-format-that-made-my-job-application-response-rate-go-from-0-to-55-2017-2,,Unread,1523423162,[]
https://www.economist.com/business/2015/11/21/does-deutschland-do-digital,http://www.economist.com/news/business/21678774-europes-biggest-economy-rightly-worried-digitisation-threat-its-industrial?fsrc=scn/fb/te/pe/ed/doesdeutschlanddodigital,,Unread,1448177211,[]
https://www.thedailybeast.com/orson-welless-forgotten-masterpiece/,http://www.thedailybeast.com/articles/2016/01/02/orson-welles-s-forgotten-masterpiece.html?source=TDB&via=FB_Page,,Unread,1451922319,[]
https://ideas.ted.com/is-empathy-overrated/,http://ideas.ted.com/is-empathy-overrated/?utm_campaign=social&utm_medium=referral&utm_source=facebook.com&utm_content=ideas-blog&utm_term=social-science,,Unread,1494399404,[]
https://qz.com/525496/done-what-a-recruiter-sees-on-your-resume-at-first-glance,http://qz.com/525496/done-what-a-recruiter-sees-on-your-resume-at-first-glance/?utm_source=qzfbarchive,,Unread,1500832561,[]
https://www.themarginalian.org/2016/01/12/julian-fellowes-snobs-love-lust/,https://www.brainpickings.org/2016/01/12/julian-fellowes-snobs-love-lust/,,Unread,1484058443,[]
https://www.huffpost.com/entry/we-dont-always-end-up-with-the-loves-of-our-lives_b_585997f4e4b04d7df167cb62,http://m.huffpost.com/us/entry/us_585997f4e4b04d7df167cb62?,,Unread,1484058742,[]
https://www.economist.com/briefing/2016/04/30/the-trouble-with-gdp,http://www.economist.com/news/briefing/21697845-gross-domestic-product-gdp-increasingly-poor-measure-prosperity-it-not-even?fsrc=scn/fb/te/pe/ed/thetroublewithgdp,,Unread,1461921885,[]
https://qz.com/813454/get-ahead-at-work-by-following-sociologists-advice-about-fitting-in-and-standing-out,https://qz.com/813454/get-ahead-at-work-by-following-sociologists-advice-about-fitting-in-and-standing-out/?utm_source=qzfbarchive,,Unread,1492505777,[]
https://www.nytimes.com/2016/09/23/opinion/will-the-left-survive-the-millennials.html,http://mobile.nytimes.com/2016/09/23/opinion/will-the-left-survive-the-millennials.html?smid=fb-nytopinion&smtyp=cur&_r=0&referer=http://lm.facebook.com/lsr.php?u=http://www.nytimes.com/2016/09/23/opinion/will-the-left-survive-the-millennials.html?smid=fb-nytopinion&smtyp=cur&ext=1474683230&hash=AcmApBZCbDpeBF-MCxqV3DhYFVzP8KCKDV5WWmT76iqohw&_rdr,,Unread,1474683517,[]
https://foreignpolicy.com/2011/06/20/everything-you-think-you-know-about-the-collapse-of-the-soviet-union-is-wrong/,http://foreignpolicy.com/2011/06/20/everything-you-think-you-know-about-the-collapse-of-the-soviet-union-is-wrong/?utm_content=buffer8e131&utm_medium=social&utm_source=facebook.com&utm_campaign=buffer,,Unread,1481642178,[]
https://www.theschooloflife.com/articles/,On Feeling Depressed,,Unread,1476968803,[]
https://qz.com/586563/paul-graham-just-accidentally-explained-everything-wrong-with-silicon-valleys-world-view,http://qz.com/586563/paul-graham-just-accidentally-explained-everything-wrong-with-silicon-valleys-world-view/,,Unread,1452084782,[]
https://www.nytimes.com/2016/09/18/opinion/sunday/the-difference-between-rationality-and-intelligence.html,http://mobile.nytimes.com/2016/09/18/opinion/sunday/the-difference-between-rationality-and-intelligence.html?smid=fb-nytimes&smtyp=cur&_r=0&referer=http://lm.facebook.com/lsr.php?u=http://nyti.ms/2d1aJdT&ext=1474096888&hash=Aclro5g8PDjcjCtZgGZTmbgTqsfxN9jejJEXEtMgi8ObZw&_rdr,,Unread,1474097012,[]
https://www.economist.com/the-economist-explains/2016/09/08/what-causes-financial-crises,http://www.economist.com/blogs/economist-explains/2016/09/economist-explains-economics-2?fsrc=scn/fb/te/bl/ed/,,Unread,1474031053,[]
https://www.newyorker.com/magazine/2016/09/12/the-ayahuasca-boom-in-the-u-s,http://www.newyorker.com/magazine/2016/09/12/the-ayahuasca-boom-in-the-u-s?mbid=social_facebook,,Unread,1482916784,[]
https://www.huffpost.com/entry/how-therapy-can-help-men-with-porn-induced-erectile-dysfunction_b_8033564,http://m.huffpost.com/us/entry/8033564,,Unread,1494160954,[]
https://www.google.co.in/url?q=https%3A%2F%2Fwww.theatlantic.com%2Famp%2Farticle%2F400796%2F,https://www.google.co.in/amp/s/www.theatlantic.com/amp/article/400796/?client=safari,,Unread,1487592510,[]
https://amp-businessinsider-com.cdn.ampproject.org/c/s/amp.businessinsider.com/google-email-product-manager-2017-3,https://amp-businessinsider-com.cdn.ampproject.org/c/s/amp.businessinsider.com/google-email-product-manager-2017-3,,Unread,1519656035,[]
https://www.theatlantic.com/technology/archive/2017/03/aristotle-computer/518697/,https://www.theatlantic.com/technology/archive/2017/03/aristotle-computer/518697/?utm_source=atlfb,,Unread,1490360174,[]
https://qz.com/701309/people-are-falling-in-love-with-a-simple-productivity-system-that-just-uses-pen-and-paper,http://qz.com/701309/people-are-falling-in-love-with-a-simple-productivity-system-that-just-uses-pen-and-paper/?utm_source=qzfbarchive,,Unread,1467638032,[]
http://christophjanz.blogspot.com/2014/10/five-ways-to-build-100-million-business.html,http://christophjanz.blogspot.com/2014/10/five-ways-to-build-100-million-business.html,,Unread,1640716959,[]
https://www.theatlantic.com/magazine/archive/2015/11/the-planet-saving-capitalism-subverting-surprisingly-lucrative-investment-secrets-of-al-gore/407857/,https://www.theatlantic.com/magazine/archive/2015/11/the-planet-saving-capitalism-subverting-surprisingly-lucrative-investment-secrets-of-al-gore/407857/?utm_source=atlfb,,Unread,1487874859,[]
https://qz.com/543403/fake-it-til-you-become-it-the-science-of-self-perception,http://qz.com/543403/fake-it-til-you-become-it-the-science-of-self-perception/,,Unread,1447246832,[]
https://www.economist.com/britain/2015/10/15/the-other-deficit,http://www.economist.com/news/britain/21674792-how-worrying-britains-large-current-account-deficit-other-deficit?fsrc=scn/fb/te/pe/ed/theotherdeficit,,Unread,1445160050,[]
https://www.economist.com/leaders/2015/11/21/how-to-fight-back,http://www.economist.com/news/leaders/21678785-battle-against-islamic-state-must-be-waged-every-front-how-fight-back?fsrc=scn/fb/te/pe/ed/howtofightback,,Unread,1448293642,[]
https://qz.com/576152/americas-gun-problem-has-everything-to-do-with-americas-masculinity-problem,http://qz.com/576152/americas-gun-problem-has-everything-to-do-with-americas-masculinity-problem/,,Unread,1452084943,[]
https://www.elitedaily.com/dating/how-to-get-a-girls-phone-number/1484134,http://elitedaily.com/dating/how-to-get-a-girls-phone-number/1484134/?utm_source=huffingtonpost&utm_medium=tr&utm_campaign=p10k80,,Unread,1462865970,[]
https://medium.com/mosquito-ridge/postcapitalism-lecture-london-school-of-economics-580c68efef83,https://medium.com/@paulmasonnews/postcapitalism-lecture-london-school-of-economics-580c68efef83#.9lr5xrdpl,,Unread,1450177459,[]
https://qz.com/744854/joseph-stiglitz-euro-future-of-europe-book,http://qz.com/744854/joseph-stiglitz-euro-future-of-europe-book/,,Unread,1471369180,[]
https://www.theatlantic.com/magazine/archive/2017/01/what-makes-things-cool/508772/,https://www.theatlantic.com/magazine/archive/2017/01/what-makes-things-cool/508772/,,Unread,1542311109,[]
https://www.nytimes.com/2016/10/02/opinion/sunday/if-i-sleep-for-an-hour-30-people-will-die.html,http://mobile.nytimes.com/2016/10/02/opinion/sunday/if-i-sleep-for-an-hour-30-people-will-die.html?smid=fb-nytimes&smtyp=cur&_r=0&referer=http://lm.facebook.com/lsr.php?u=http://www.nytimes.com/2016/10/02/opinion/sunday/if-i-sleep-for-an-hour-30-people-will-die.html?smid=fb-nytimes&smtyp=cur&ext=1475459955&hash=AcnVdAQmRTd9gzk7ODSuwHeB_orC4d3ZL5FySsh-OxAeGQ&_rdr,,Unread,1475460171,[]
https://www.theatlantic.com/business/archive/2016/04/why-so-many-smart-people-arent-happy/479832/,http://www.theatlantic.com/business/archive/2016/04/why-so-many-smart-people-arent-happy/479832/?utm_source=atlfb,,Unread,1478618010,[]
https://www.bbc.com/news/magazine-34281621,http://www.bbc.co.uk/news/magazine-34281621,,Unread,1442867053,[]
https://hbr.org/2016/10/automation-will-make-us-rethink-what-a-job-really-is?utm_campaign=HBR&utm_medium=social&utm_source=facebook,https://hbr.org/2016/10/automation-will-make-us-rethink-what-a-job-really-is?utm_campaign=HBR&utm_source=facebook&utm_medium=social,,Unread,1476345692,[]
https://www.bbc.com/news/business-34172729,http://www.bbc.co.uk/news/business-34172729,,Unread,1441614848,[]
https://qz.com/531899/exxonmobil-facing-uncomfortable-ghosts-of-its-climate-change-past-is-attacking-the-media,http://qz.com/531899/exxonmobil-facing-uncomfortable-ghosts-of-its-climate-change-past-is-attacking-the-media/,,Unread,1446136632,[]
https://www.bbc.com/future-planet,http://www.bbc.com/earth/story/20151119-we-know-the-city-where-hiv-first-infected-a-human?ocid=fbindqz,,Unread,1448609611,[]
https://www.project-syndicate.org/commentary/why-the-greek-deal-will-work-by-anatole-kaletsky-2015-07,Why the Greek Deal Will Work,,Unread,1437920777,[]
https://thoughtcatalog.com/kim-quindlen/2016/04/for-every-college-senior-a-goodbye-to-the-soulmates-you-found-over-the-last-four-years/,http://thoughtcatalog.com/kim-quindlen/2016/04/for-every-college-senior-a-goodbye-to-the-soulmates-you-found-over-the-last-four-years/,,Unread,1461700771,[]
http://thekramerisnow.blogspot.com/2015/11/sexual-liberty-and-its-discontents.html,http://thekramerisnow.blogspot.co.uk/2015/11/sexual-liberty-and-its-discontents.html,,Unread,1448250712,[]
https://qz.com/553733/isils-terrorism-is-not-a-reaction-to-western-foreign-policy,http://qz.com/553733/isils-terrorism-is-not-a-reaction-to-western-foreign-policy/,,Unread,1447953719,[]
https://www.scoopwhoop.com/inothernews/books-everyone-must-read/,http://www.scoopwhoop.com/inothernews/books-everyone-must-read/?ref=socia&type=fb&b=0,,Unread,1443550986,[]
https://bakadesuyo.com/2016/08/neuroscience-of-mindfulness/,Neuroscience Of Mindfulness: How To Make Your Mind Happy,,Unread,1475226460,[]
https://www.bbc.com/news/magazine-34575019,http://www.bbc.co.uk/news/magazine-34575019,,Unread,1447258002,[]
https://rintintin.colorado.edu/~vancecd/phil1100/Hardin.pdf,Lifeboat Ethics: the Case Against Helping the Poor - Hardin.pdf,,Unread,1605431929,[]
https://www.buzzfeed.com/andyneuenschwander/18-harry-potter-posts-that-you-shouldnt-read-if-you-cry-easi,https://www.buzzfeed.com/andyneuenschwander/18-harry-potter-posts-that-you-shouldnt-read-if-you-cry-easi?utm_term=.og8B0Lodp&bffbbooks#.fx2VxvrkR,,Unread,1463164451,[]
https://qz.com/india/524780/why-renting-a-house-in-india-is-a-better-idea-than-buying-one,http://qz.com/524780/why-renting-a-house-in-india-is-a-better-idea-than-buying-one/?utm_source=dec5,,Unread,1451374169,[]
https://qz.com/480741/this-free-online-encyclopedia-has-achieved-what-wikipedia-can-only-dream-of,http://qz.com/480741/this-free-online-encyclopedia-has-achieved-what-wikipedia-can-only-dream-of/,,Unread,1442917348,[]
https://www.leanfoundry.com/tools/lean-canvas,https://leanstack.com/leancanvas,,Unread,1600111240,[]
https://www.theverge.com/2016/8/3/12325104/airbnb-aesthetic-global-minimalism-startup-gentrification,https://www.theverge.com/2016/8/3/12325104/airbnb-aesthetic-global-minimalism-startup-gentrification,,Unread,1671048391,[]
https://arxiv.org/pdf/1511.09054v1,1511.09054v1,,Unread,1718699835,[]
https://danwang.co/about/,About,,Unread,1692111521,[]
https://www.shortlist.com/news/the-40-most-powerful-literary-quotes,http://www.shortlist.com/entertainment/books/the-40-most-powerful-literary-quotes#gallery-40,,Unread,1471796766,[]
https://thebaffler.com/salvos/have-guns-will-liberate,"Have Guns, Will Liberate",,Unread,1437920776,[]
https://www.themarginalian.org/2014/02/26/mark-twain-on-masturbation/,https://www.brainpickings.org/2014/02/26/mark-twain-on-masturbation/,,Unread,1480428365,[]
https://www.bbc.com/news/magazine-34151049,http://www.bbc.co.uk/news/magazine-34151049,,Unread,1441542998,[]
https://www.themarginalian.org/2015/10/05/adam-phillips-missing-out-frustration-love/,Why We Fall in Love: The Paradoxical Psychology of Romance and Why Frustrat,,Unread,1484058971,[]
https://www.nytimes.com/2016/09/25/opinion/sunday/am-i-introverted-or-just-rude.html,"Am I Introverted, or Just Rude?",,Unread,1474988000,[]
http://www.theguardian.com/books/2015/jul/17/postcapitalism-end-of-capitalism-begun,http://www.theguardian.com/books/2015/jul/17/postcapitalism-end-of-capitalism-begun?curator=MediaREDEF,,Unread,1437418479,[]
http://www.theguardian.com/cities/2015/feb/10/where-concorde-once-flew-the-story-of-president-mobutus-african-versailles,https://www.theguardian.com/cities/2015/feb/10/where-concorde-once-flew-the-story-of-president-mobutus-african-versailles,,Unread,1681762542,[]
https://www.newyorker.com/magazine/2015/11/23/doomsday-invention-artificial-intelligence-nick-bostrom,http://www.newyorker.com/magazine/2015/11/23/doomsday-invention-artificial-intelligence-nick-bostrom,,Unread,1451658199,[]
https://www.newstatesman.com/long-reads/2015/07/motherhood-trap,http://www.newstatesman.com/politics/2015/07/motherhood-trap,,Unread,1437326428,[]
https://www.theatlantic.com/politics/archive/2016/04/what-if-the-supreme-court-were-liberal/477018/,http://www.theatlantic.com/politics/archive/2016/04/what-if-the-supreme-court-were-liberal/477018/,,Unread,1459959882,[]
https://www.washingtonpost.com/news/volokh-conspiracy/wp/2015/07/14/if-it-becomes-possible-to-safely-genetically-increase-babies-iq-it-will-become-inevitable/,https://www.washingtonpost.com/news/volokh-conspiracy/wp/2015/07/14/if-it-becomes-possible-to-safely-genetically-increase-babies-iq-it-will-become-inevitable/,,Unread,1436981071,[]
https://www.newyorker.com/magazine/1946/08/31/hiroshima,http://www.newyorker.com/magazine/1946/08/31/hiroshima,,Unread,1474546414,[]
https://www.rollingstone.com/politics/politics-news/why-isnt-wall-street-in-jail-179414/,Why Isn't Wall Street in Jail?,,Unread,1476188337,[]
https://www.nytimes.com/2015/10/23/opinion/keynes-comes-to-canada.html,http://mobile.nytimes.com/2015/10/23/opinion/keynes-comes-to-canada.html?smid=fb-nytimes&smtyp=cur&referer=&_r=0,,Unread,1445694872,[]
https://qz.com/489083/what-i-learned-about-selfishness-after-using-the-prisoners-dilemma-on-my-college-class,http://qz.com/489083/what-i-learned-about-selfishness-after-using-the-prisoners-dilemma-on-my-college-class/,,Unread,1440777023,[]
https://www.themarginalian.org/2014/11/11/dostoyevsky-dream/,https://www.brainpickings.org/2014/11/11/dostoyevsky-dream/,,Unread,1478283946,[]
https://www.themarginalian.org/2014/01/03/baloney-detection-kit-carl-sagan/,https://www.brainpickings.org/2014/01/03/baloney-detection-kit-carl-sagan/,,Unread,1486615607,[]
https://www.economist.com/leaders/2015/01/08/terror-in-paris,http://www.economist.com/news/leaders/21638118-islamists-are-assailing-freedom-speech-vilifying-all-islam-wrong-way-counter?fsrc=scn/fb/te/bl/ed/terrorinparishebdo,,Unread,1447650553,[]
https://plato.stanford.edu/entries/ontological-arguments/,http://plato.stanford.edu/entries/ontological-arguments/,,Unread,1448292824,[]
https://www.economist.com/leaders/2015/11/14/the-never-ending-story,http://www.economist.com/news/leaders/21678220-first-america-then-europe-now-debt-crisis-has-reached-emerging-markets-never-ending?fsrc=scn/fb/te/pe/ed/theneverendingstory,,Unread,1447950171,[]
https://www.16personalities.com/enfp-conclusion,https://www.16personalities.com/enfp-conclusion,,Unread,1553014330,[]
http://www.theguardian.com/books/2014/jan/29/top-10-locked-room-mysteries-adrian-mckinty,The top 10 locked-room mysteries,,Unread,1692541796,[]
https://www.bbc.com/news/world-us-canada-34429918,http://www.bbc.co.uk/news/world-us-canada-34429918,,Unread,1443934044,[]
https://www.huffpost.com/entry/isis-wahhabism-saudi-arabia_b_5717157,http://m.huffpost.com/us/entry/5717157?ir=India,,Unread,1447597690,[]
https://archive.nytimes.com/well.blogs.nytimes.com/2015/11/10/beware-the-beer-belly/,http://mobile.nytimes.com/blogs/well/2015/11/10/beware-the-beer-belly/?smid=fb-nytimes&smtyp=cur&referer=,,Unread,1447334557,[]
https://pages.stern.nyu.edu/~adamodar/New_Home_Page/datafile/margin.html,http://pages.stern.nyu.edu/~adamodar/New_Home_Page/datafile/margin.html,,Unread,1621019229,[]
http://www.slate.com/articles/health_and_science/science/2015/07/are_gmos_safe_yes_the_case_against_them_is_full_of_fraud_lies_and_errors.html,http://www.slate.com/articles/health_and_science/science/2015/07/are_gmos_safe_yes_the_case_against_them_is_full_of_fraud_lies_and_errors.html?wpsrc=sh_all_dt_tw_ru,,Unread,1437303960,[]
https://www.ben-evans.com/presentations,https://www.ben-evans.com/presentations,,Unread,1685259843,[]
https://www.theatlantic.com/education/archive/2013/10/why-are-hundreds-of-harvard-students-studying-ancient-chinese-philosophy/280356/,https://www.theatlantic.com/education/archive/2013/10/why-are-hundreds-of-harvard-students-studying-ancient-chinese-philosophy/280356/,,Unread,1534145614,[]
https://www.bbc.com/news/business-34283764,http://www.bbc.co.uk/news/business-34283764,,Unread,1442541337,[]
https://www.bbc.com/news/magazine-34801885,http://www.bbc.co.uk/news/magazine-34801885,,Unread,1447759769,[]
https://waitbutwhy.com/2014/05/fermi-paradox.html,https://waitbutwhy.com/2014/05/fermi-paradox.html,,Unread,1628658756,[]
http://www.theguardian.com/sustainable-business/2015/mar/18/fully-automated-luxury-communism-robots-employment,Fully automated luxury communism,,Unread,1711510911,[]
https://informationisbeautiful.net,http://informationisbeautiful.net,,Unread,1507195903,[]
https://www.nytimes.com/2015/11/01/opinion/sunday/fall-of-the-house-of-bush.html,http://mobile.nytimes.com/2015/11/01/opinion/sunday/fall-of-the-house-of-bush.html?smid=fb-nytimes&smtyp=cur&referer=,,Unread,1446471554,[]
https://www.lesswrong.com/posts/4FcxgdvdQP45D6Skg/disguised-queries,Disguised Queries - LessWrong,,Unread,1674311556,[]
https://fs.blog/mental-models/,Mental Models: The Best Way to Make Intelligent Decisions (~100 Models Explained) - Farnam Street,,Unread,1665304406,[]
https://www.readthegeneralist.com/briefing/levels,Levels: A Cultural Anomaly | The Generalist,,Unread,1660413219,[]
https://johnganz.substack.com/p/the-emerging-tech-lash,The Emerging Tech-Lash,,Unread,1655494176,[]
https://medium.com/bloated-mvp/bloated-mvp-table-of-contents-1d7da72a3a66,Bloated MVP — Table of Contents,,Unread,1655490727,[]
https://productify.substack.com/p/case-study-10-chip-wars-that-led,Case Study #10 : Chip Wars that led to the birth of OKRs,,Unread,1655049189,[]
https://www.mostlymetrics.com/p/why-are-valuations-down,Why are valuations down?,,Unread,1654980534,[]
https://pivotal.substack.com/p/minsky-moments-in-venture-capital,Minsky Moments in Venture Capital - by Abraham Thomas,,Unread,1745447926,[]
http://www.wakeforestlawreview.com/2021/10/built-to-fail-the-inherent-fragility-of-algorithmic-stablecoins/,BUILT TO FAIL: THE INHERENT FRAGILITY OF ALGORITHMIC STABLECOINS - Wake Forest Law Review,,Unread,1654980447,[]
https://contingentmagazine.org/2022/06/10/the-mechanical-hare/,The Mechanical Hare,,Unread,1654979004,[]
https://yukaichou.com/gamification-examples/octalysis-complete-gamification-framework/,https://yukaichou.com/gamification-examples/octalysis-complete-gamification-framework/,,Unread,1675006445,[]
https://www.theatlantic.com/magazine/archive/2022/05/social-media-democracy-trust-babel/629369/,Why the Past 10 Years of American Life Have Been Uniquely Stupid,,Unread,1650908388,[]
https://julian.digital/2021/12/20/the-power-of-defaults/,The power of defaults,,Unread,1650799277,[]
https://xplainerr.substack.com/p/a-to-z-of-pricing-for-product-managers-d74,A to Z of Pricing for Product Managers - Part 3,,Unread,1635260962,[]
https://sriramk.com/memos.html,Memos,,Unread,1632579695,[]
http://paulgraham.com/articles.html,Essays,,Unread,1632579672,[]
https://digitalarchive.wilsoncenter.org/document/116178.pdf,,,Unread,1630783656,[]
https://divyacohen.medium.com/how-to-prepare-for-googles-product-management-technical-round-when-you-are-not-technical-474de3ee01b3,How to Prepare for Google’s Product Management Technical round When You Are Not Technical.,,Unread,1630165362,[]
https://sajithpai.medium.com/exhaust-fumes-or-understanding-startup-valuations-610897d7bcf8,"‘Exhaust Fumes’, or, Understanding Startup Valuations.",,Unread,1628658824,[]
https://www.field-guide.unusual.vc/field-guide-enterprise/pmf-creating-product-roadmap,The Four Lists,,Unread,1653489412,[]
